id,username,password,email,phone,birthday,create_datetime,is_admin,buddy_id
95095513189,Bonnee,wK2/&}(Bv,babramcik0@pcworld.com,940-319-9232,11/26/1924,1940-03-23T11:50:31Z,false,70260874789
1670173133,Hyatt,"zB6""<sB\B!",hvaines1@friendfeed.com,480-773-3470,3/4/2014,1922-03-30T08:09:44Z,true,2286346433
79068417641,Emanuel,rB3@J*{O9n1uHP+\,eglidden2@cbslocal.com,436-583-3012,7/25/1946,2050-08-02T10:27:35Z,false,73565283300
18472748512,Minda,rW7/ng#r{2iJaul,mjelleman3@geocities.jp,626-543-0543,11/28/2069,1949-02-23T17:41:27Z,true,50750238111
72762121346,Rossy,oQ6|QT%PYo4MM'Vr,rpetrelluzzi4@vk.com,687-393-4519,8/30/2027,2069-09-17T13:02:04Z,false,90286301865
4175247809,Josee,xW7\9zYZ?,jdalwood5@ft.com,717-708-0636,10/9/2038,2011-03-22T05:32:13Z,true,87885594143
23094822431,Coriss,eO9}VB4a?Z2,cmacswayde6@bbb.org,590-873-4393,12/14/2050,1961-07-14T01:09:34Z,true,85968793181
81092426425,Jedd,"wE6#1?Hb,#luo",jdilliway7@typepad.com,220-410-6772,1/24/1905,1945-07-15T04:33:51Z,false,57653551621
96164593301,Caroline,bI8>WSE\AaPw5,cdawidowsky8@ted.com,932-357-6248,9/21/1932,2091-11-26T19:53:29Z,false,87462672793
20862423633,Garrick,"vJ3%Dzz,gGd)",gcastagnasso9@netvibes.com,356-225-2959,2/19/1934,1961-06-11T00:28:55Z,true,93402880154
26474075907,Salome,tV7>=%02PT,sdourisa@ucsd.edu,636-258-2108,10/11/1922,1962-04-17T23:28:17Z,true,60097208524
70471878787,Gerald,aX7{8V&R+f3,gforlongeb@google.com.br,535-438-3730,8/8/1950,2091-10-03T17:32:26Z,true,53846354639
339381048,Morgen,fF2<jW7\,mmazzillic@jiathis.com,943-317-6696,6/14/1907,1965-02-19T11:27:33Z,false,40340585832
43025018916,Willie,uL5<F_xX,wplinckd@blogger.com,976-791-8743,1/12/2002,1907-03-12T11:46:10Z,true,61645095613
50409866449,Allyn,iK0={tDIR4Oe>_*t,agreenstreete@berkeley.edu,197-978-0944,9/9/1977,1908-07-05T14:57:50Z,false,49398033446
32491272342,Julius,xW8*4kR14n9.A),jhaylorf@simplemachines.org,573-217-0418,7/5/2041,2004-03-29T11:36:16Z,true,26727943185
93615523414,Giralda,nS8@@Mv<Q('kt,gdaveyg@epa.gov,967-397-9937,4/18/1987,1964-11-05T06:08:21Z,true,66640674192
426813864,Chaunce,"jV9#""NO2}g5U\Y+",cgrouvelh@cloudflare.com,513-370-3091,11/6/2099,1900-04-02T22:52:21Z,true,23713786604
19174737475,Birgit,tI4*bU1)5_}j!}7,blonghornei@jigsy.com,517-572-5655,1/13/2023,2051-09-21T11:44:33Z,true,5721682674
63692746321,Adelind,qQ4{{D34,amurtyj@umn.edu,500-587-9518,2/7/2081,1968-06-22T15:35:24Z,true,48690861171
29336042334,Wilma,gB3@wjm!e7C,wvirgink@cornell.edu,100-806-6900,2/23/1957,2057-10-04T10:52:59Z,false,52489895284
59650273490,Norri,"yJ4,\%blW{_sGbI",nculpinl@latimes.com,318-276-0114,4/2/2059,1984-03-21T17:29:56Z,true,14424877571
77566740900,Alicea,"hS0#r=wx#%n50Y,)",aklulicekm@ihg.com,604-235-9520,7/11/2030,1979-11-21T22:16:59Z,true,23819656946
6315661747,Marven,"vB6,U$LOFo%i",mtreadgern@shutterfly.com,564-183-6126,8/13/1978,1917-03-03T18:13:45Z,false,68009665081
6647897419,Kalie,jM5`F'.rpXqL7$,kjarviso@pen.io,209-330-5580,4/29/2019,2065-04-30T07:06:58Z,true,65369544307
78866940156,Curt,sM6}z1#V,cbrozekp@issuu.com,308-487-4290,5/25/2083,2008-05-18T10:47:10Z,false,27046037903
33529545940,Bondon,zV2/<Z)9ib9J1|@,bjorgq@ft.com,821-671-5182,11/2/2001,2025-06-10T21:01:02Z,true,9873928266
71408579437,Jozef,zM8'J0MuAo`_mz&1,jartoisr@sitemeter.com,934-295-5485,12/23/2018,2081-07-05T22:23:36Z,false,709453782
37832917996,Georgina,"gI3~o_X5.l,=/6ZU",gcuddehays@ucla.edu,619-482-5292,11/18/2028,1904-02-16T18:45:56Z,false,24172338261
21730737897,Lenci,jL5=A$Iq16&,ldurbannt@furl.net,232-853-8845,2/9/2045,1978-07-07T09:35:20Z,false,67585232239
69142205352,Gwenneth,"jA2,%0nlx`MH",gjoyceu@studiopress.com,396-382-3241,8/3/1969,1901-08-25T06:55:51Z,false,8426459465
27916040081,Katharyn,"cN0!g#KjsYe5A""",kkinastanv@umn.edu,480-241-2741,2/5/1944,1987-04-28T01:37:27Z,true,80549295167
8024357803,Moselle,xC0<0?tfQ~u,mmongenotw@mapy.cz,334-383-8471,10/12/2045,2061-10-25T19:08:33Z,false,45744624487
90954086608,Marinna,"oC3""hj1%c",msavillx@technorati.com,541-808-3124,6/1/1911,1935-04-19T21:19:33Z,true,13636140627
3392639486,Tressa,cZ4.4dCrN,tbrabeny@networkadvertising.org,476-178-6122,9/14/1968,1957-01-04T07:42:28Z,false,60261723962
43184902826,Sybyl,"mJ0!Va<_lks,hEC|",sdalessandroz@rediff.com,840-734-9248,7/23/2006,1972-05-04T04:11:17Z,false,58847800505
80993717479,Terrance,"uV6{kf""5nh",tanker10@msu.edu,948-330-5921,5/16/1905,1980-09-03T05:30:59Z,false,5560558422
19631867335,Anjanette,eU6</)rH3ao}5um*,ahorrigan11@bing.com,510-422-9846,11/10/1928,1912-02-05T20:11:53Z,false,66873014186
43278187563,Shepperd,rQ2@rI.<4a=,ssimnor12@miibeian.gov.cn,818-429-3000,4/11/2027,2073-01-21T06:20:04Z,false,50611793721
1645114111,Esta,xX7*l/SP4HQ`+F!p,eraper13@slashdot.org,236-553-6003,1/1/2063,2021-04-16T06:30:57Z,false,4411400571
40338620580,Valida,qP0(u>Z*%,vswettenham14@webeden.co.uk,712-342-3643,7/17/1948,1995-09-29T20:41:02Z,true,48399963442
32679184386,Maurene,xS4?}bi$$N0(DA,mingleson15@google.com.hk,688-520-8673,3/21/2073,2043-09-11T10:00:03Z,false,32001290251
35690904178,Madelin,gV4/&H+#&$9~*,mcrewther16@gizmodo.com,706-110-9579,6/8/1939,2081-08-26T02:36:29Z,false,17447696391
87820565238,Averil,gL0$VO$u,asmitheman17@cornell.edu,162-103-5946,12/21/1966,2077-04-11T21:37:36Z,false,13093634721
3853118927,Phedra,eM9~{W(uKrrD,pternouth18@linkedin.com,453-766-2877,7/5/2001,1935-12-03T03:14:59Z,false,27923808867
65323245405,Michelle,"kG0,ble3id/@w>",msellek19@devhub.com,120-811-9245,2/10/2078,2091-10-19T13:05:17Z,false,27115135996
14897811347,Clyde,"bM2)k,07CnDv)$z",cdumbleton1a@state.gov,502-506-7512,8/20/1908,2073-04-13T02:56:43Z,true,74282815
63529922336,Anabelle,eO6?T*@d3(p,abrittoner1b@tripod.com,997-527-7881,11/15/2044,2052-11-08T16:19:16Z,false,95249971892
95842654122,Terrell,aZ7/'qqlO{,tpatton1c@shinystat.com,857-413-1501,3/5/1951,1953-02-26T19:13:30Z,true,19085498760
32758967421,Worden,iW0`N2~rGB(Qr&W9,wsparsholt1d@privacy.gov.au,422-608-2262,11/8/1955,2038-10-18T17:24:27Z,false,37937597543
94583845177,Silva,xT3}MD!e,sbartaloni1e@twitter.com,624-613-2313,4/9/1976,1935-09-05T05:33:23Z,true,45343130476
6011307218,Millicent,iK0|Y0u0+BW\0,mbowcock1f@scribd.com,765-312-2320,6/19/1923,2011-06-08T02:33:26Z,true,14513584971
26756545475,Dyana,qC4(m.Ra_q\*+,dshackel1g@vinaora.com,968-615-8727,8/1/1996,2072-06-05T13:42:00Z,false,73814264129
4014201758,Ignacio,aL0\`wA5Bboybu3$,iwillmot1h@mysql.com,931-984-6238,4/21/1966,2084-03-09T18:29:14Z,true,20165388050
51825968287,Alejoa,xU4`8w)E@DG,atappor1i@vimeo.com,645-243-5574,1/23/2037,2031-11-22T23:16:26Z,false,70386138903
48474029472,Sydney,bQ1#&&3),sliveing1j@weibo.com,547-615-3035,5/14/2011,1931-01-05T00:19:51Z,false,98295540859
85044151924,Truda,lC6'udLnjl,tearles1k@skyrock.com,724-753-2526,2/1/1981,1955-01-26T03:59:37Z,false,89977260671
85948962463,Korella,tO2/5nVNhS&TFnpc,kbrunon1l@t-online.de,345-477-8203,5/7/2004,1981-08-19T10:07:37Z,false,14642195493
18129042219,Oralle,sH8&?BTaBL{0UE,omaclaine1m@boston.com,684-243-9236,10/6/1938,1922-07-29T01:14:25Z,true,8038930902
24929090467,Leanora,oH8'?.JZ4X<J3hEz,lmotton1n@4shared.com,571-767-0150,5/13/2046,1957-04-04T01:29:24Z,false,74946941611
6590456218,Zorah,qF5*s3Y(HH>V>m%B,zferrige1o@networkadvertising.org,671-215-5382,2/24/2096,1997-11-21T23:16:18Z,false,91899450827
39538641934,Reinaldo,iD7!slF(Ws6O',rduffill1p@delicious.com,226-685-1514,4/8/1988,2065-09-06T17:50:50Z,false,23068718142
38380053906,Elyn,uW2~iG$n#q?n<,ewatkinson1q@theguardian.com,580-581-5668,10/1/1953,2063-04-06T06:42:16Z,false,77178756485
11083329840,Roma,iR7+<J)cYgx,rhattoe1r@nyu.edu,669-283-3501,3/22/2035,1914-02-06T23:55:33Z,false,55744290984
82769624079,Sidonia,gJ1?2lE<D1.1E,sleckey1s@people.com.cn,485-263-0388,7/8/1949,2080-05-29T03:42:12Z,false,56243588013
85324754921,Franciska,"xM9,0K(x`5&?",fwinkworth1t@sbwire.com,124-493-4084,7/4/1970,2003-06-24T23:54:00Z,true,41796574960
90608693220,Gregor,zX0)ge20,gmesnard1u@ocn.ne.jp,957-671-1893,10/7/2059,2004-03-27T08:20:23Z,false,6984649916
29473249770,Briana,"eG2>,,6l~JjKc}t",bmacmeeking1v@facebook.com,265-363-5582,9/29/2097,2078-08-06T00:58:59Z,true,25141401284
15842442913,Huntley,tT7`3dn`1Xlm,hswarbrigg1w@rambler.ru,377-684-0097,6/4/2076,2052-01-03T01:25:15Z,true,32128955600
65147298132,Fernandina,oH1#q'3UM%iH_<,fdaunter1x@tmall.com,963-160-4875,3/20/2085,2002-03-31T02:40:27Z,true,77796943743
72787995311,Lanny,kF2.i$(lPSw@,lbelcham1y@goo.ne.jp,407-703-4859,3/27/1957,2047-07-30T11:56:31Z,false,43452333344
98548528641,Michelle,"dY3""WcF=`o`xE$",mgodwyn1z@wsj.com,793-447-0003,7/4/1911,1951-06-16T06:45:15Z,true,31069510890
98795626772,Katuscha,"qB3,>2D>DiI",kmccumskay20@1688.com,934-852-8668,1/29/2052,2054-08-03T06:04:50Z,false,85712257921
57587744259,Donielle,rD1#B8$sufBOi@I,djohananov21@blog.com,100-671-8793,10/26/2031,1948-12-21T11:10:59Z,true,47721080856
62048846595,Baillie,vB7=4H@cIA|,bsilberschatz22@list-manage.com,379-210-0700,5/30/1991,1932-04-02T00:26:58Z,false,87256083215
89332070832,Normie,xB1.27eTpad5NC,nmollon23@macromedia.com,674-178-3016,1/29/1932,1918-10-31T21:28:37Z,true,96321516012
1637758874,Ibbie,yG4#(}LL5{,igrowy24@shop-pro.jp,218-420-9603,7/29/1914,2062-10-10T17:39:49Z,true,22342876136
57941311464,Jacob,"yS9|Eir*3""uq",jabella25@hexun.com,917-860-4417,8/30/1936,2029-01-03T13:26:52Z,false,3204568491
14367559961,Tabina,"mE3`ylm%G,.L",tmattholie26@discovery.com,379-496-4970,5/14/2045,2067-10-14T00:22:48Z,true,60857603870
33455740021,Zita,"zU7&miS&g,",zdelorenzo27@irs.gov,773-759-4187,3/6/2038,2086-02-27T23:42:22Z,false,36795575857
28873028570,Olivette,fL6~~t_kU|dYOm,omontford28@themeforest.net,737-282-8439,3/25/2048,2010-02-18T03:07:44Z,true,22800417313
79433387173,Storm,"nH3,z>0QHC_VM~>",sewers29@dailymail.co.uk,212-687-6846,5/28/1998,2067-01-24T08:34:39Z,true,80595066819
56404712543,Leila,fC9~nKI5>iiTx=nP,lkinnoch2a@zdnet.com,222-754-4229,5/17/1979,1973-09-17T11:21:30Z,true,54181426068
97458357017,Lind,oY4>%M@Z1,ltriplett2b@sphinn.com,700-667-8746,6/15/2071,2071-04-13T19:08:23Z,true,3320834436
26010894996,Felipe,"aJ1(*1""70>#~{B<z",fmcclarence2c@printfriendly.com,633-343-3653,4/3/1912,1987-06-06T21:54:24Z,true,1678111229
17723730727,Wyndham,cR7~(|BC$MGFmH,wmacmakin2d@shinystat.com,251-699-9803,11/15/2075,1955-01-31T14:22:05Z,true,43650808399
25740275861,Reid,sJ5~|E19ET&|8ubs,rbachanski2e@nydailynews.com,857-948-5750,4/21/1983,2085-09-22T12:05:47Z,false,17637621865
61221900944,Chery,vN6.<{gN?ZSPr3>N,cwavell2f@ehow.com,535-727-6795,1/27/2025,2074-02-08T22:45:09Z,false,46720865739
35127073780,Jenna,"cE5""z6Q/%%A=r",jchristin2g@mapquest.com,871-941-6196,3/31/2009,1937-07-26T21:51:06Z,true,15523632244
66699683400,Ollie,hS8}c2#A=8>WH%K*,oleverington2h@columbia.edu,160-944-9936,11/20/2005,2048-05-02T09:35:27Z,false,51224070028
65810071464,Ruthe,yH9%Ts*@zd?,rlaroze2i@taobao.com,208-373-3336,8/13/1994,1987-05-04T07:44:30Z,false,57540553575
24192990129,Darlleen,uE7+lU!RwZ}okv,dmacourek2j@ox.ac.uk,621-278-6753,6/19/1936,1995-12-31T14:25:53Z,false,79089601276
73228877480,Son,oS9`<2x5|.{~K,shessle2k@google.ru,334-449-3912,2/8/1952,1976-04-05T03:16:51Z,true,54535087718
22297046471,Anallise,lG9=_)ra4,asignorelli2l@smugmug.com,831-759-5564,11/3/2030,1941-11-20T06:48:15Z,false,95220321496
64815060507,Corabella,lB0{+Du8,ccarlisle2m@java.com,178-563-5588,6/8/2049,1988-01-23T04:52:41Z,true,49798303395
91820980404,Sharleen,eI8~okDna,sbascomb2n@tripod.com,764-425-9696,10/11/1973,1999-01-29T04:14:32Z,true,76224019649
46696248416,Brade,nB3}pP{Q_x(O*Z,bkeenleyside2o@ibm.com,634-159-1806,6/21/1943,2070-05-21T23:30:30Z,true,27313832150
83598672628,Germaine,cY5.lOMbPUX5V,gandrusyak2p@cnet.com,377-727-4717,4/24/1956,1945-02-12T00:12:02Z,false,52648671023
99465381922,Murvyn,fU7{SQ/W<,mdelisle2q@vinaora.com,873-645-3710,8/6/2010,2036-08-27T00:51:55Z,false,67983574803
43745076532,Ware,"aE4.qt$Kf/y""qD",wwalthall2r@nytimes.com,816-472-4321,4/14/1974,1959-04-07T18:04:42Z,true,32117809567
